team,grp,n_comments,mean_sentiment,pct_positive,pct_neutral,pct_negative,sample_positive,sample_negative
Spain,H,50,0.564,78.0,6.0,16.0,"Absolutely magnificent from the boys today, so stunning","Mixed feelings, some good some woeful, we'll see"
England,L,50,0.555,82.0,0.0,18.0,"brilliant again! Proud of the lads, genuinely magnificent","What a embarrassing display, we totally bottled it"
France,I,50,0.531,80.0,4.0,16.0,"We look stunning and magnificent, real dream run coming","Utterly awful again, this team is woeful"
Argentina,J,50,0.494,74.0,4.0,22.0,"Absolutely stunning from the boys today, so magnificent","That was shocking, completely awful. I'm gutted"
Portugal,K,50,0.471,74.0,2.0,24.0,"Absolutely brilliant from the boys today, so brilliant","That was shambles, completely embarrassing. I'm gutted"
Germany,E,50,0.458,76.0,2.0,22.0,"Absolutely brilliant from the boys today, so brilliant","That was embarrassing, completely shambles. I'm gutted"
Mexico,A,50,0.385,72.0,4.0,24.0,"Absolutely brilliant from the boys today, so stunning","That was awful, completely embarrassing. I'm gutted"
Switzerland,B,50,0.373,70.0,0.0,30.0,"Absolutely magnificent from the boys today, so magnificent","That was fragile, completely embarrassing. I'm gutted"
Brazil,C,50,0.367,66.0,8.0,26.0,"We look magnificent and brilliant, real dream run coming","That was poor, completely awful. I'm gutted"
Uruguay,H,50,0.362,64.0,10.0,26.0,"Absolutely stunning from the boys today, so magnificent","That was awful, completely shambles. I'm gutted"
Netherlands,F,50,0.284,64.0,4.0,32.0,"Absolutely brilliant from the boys today, so dominant","That was embarrassing, completely woeful. I'm gutted"
United States,D,50,0.275,60.0,8.0,32.0,"Absolutely magnificent from the boys today, so magnificent","That was awful, completely shocking. I'm gutted"
Ivory Coast,E,50,0.255,64.0,0.0,36.0,"stunning again! Proud of the lads, genuinely magnificent","That was embarrassing, completely woeful. I'm gutted"
Colombia,K,50,0.247,62.0,8.0,30.0,"Absolutely stunning from the boys today, so brilliant","That was woeful, completely shocking. I'm gutted"
Japan,F,50,0.203,60.0,2.0,38.0,"Absolutely magnificent from the boys today, so brilliant","That was shambles, completely shambles. I'm gutted"
Morocco,C,50,0.18,56.0,6.0,38.0,"dominant again! Proud of the lads, genuinely brilliant","That was fragile, completely shambles. I'm gutted"
Norway,I,50,0.15,52.0,6.0,42.0,"Absolutely magnificent from the boys today, so magnificent","That was embarrassing, completely shocking. I'm gutted"
Austria,J,50,0.147,56.0,0.0,44.0,"Absolutely stunning from the boys today, so brilliant","That was embarrassing, completely shambles. I'm gutted"
Belgium,G,50,0.146,56.0,2.0,42.0,"brilliant again! Proud of the lads, genuinely stunning","That was woeful, completely fragile. I'm gutted"
Ecuador,E,50,0.146,56.0,8.0,36.0,"stunning again! Proud of the lads, genuinely stunning","That was awful, completely woeful. I'm gutted"
Croatia,L,50,0.145,56.0,2.0,42.0,"brilliant again! Proud of the lads, genuinely brilliant","That was shocking, completely awful. I'm gutted"
Sweden,F,50,0.088,50.0,8.0,42.0,"Absolutely stunning from the boys today, so dominant","That was awful, completely embarrassing. I'm gutted"
Australia,D,50,0.047,44.0,14.0,42.0,"stunning again! Proud of the lads, genuinely stunning","That was shambles, completely awful. I'm gutted"
Paraguay,D,50,0.025,48.0,2.0,50.0,"We look brilliant and stunning, real dream run coming","That was fragile, completely embarrassing. I'm gutted"
Bosnia & Herzegovina,B,50,0.004,42.0,4.0,54.0,"Absolutely dominant from the boys today, so brilliant","That was shambles, completely embarrassing. I'm gutted"
Iran,G,50,-0.001,46.0,6.0,48.0,"stunning again! Proud of the lads, genuinely magnificent","That was embarrassing, completely embarrassing. I'm gutted"
Canada,B,50,-0.011,44.0,2.0,54.0,"Absolutely stunning from the boys today, so magnificent","That was awful, completely shambles. I'm gutted"
South Korea,A,50,-0.038,42.0,6.0,52.0,"Absolutely magnificent from the boys today, so magnificent","That was shocking, completely shambles. I'm gutted"
Algeria,J,50,-0.052,44.0,2.0,54.0,"Absolutely brilliant from the boys today, so brilliant","That was shambles, completely awful. I'm gutted"
South Africa,A,50,-0.069,46.0,4.0,50.0,"Absolutely stunning from the boys today, so stunning","That was awful, completely awful. I'm gutted"
Saudi Arabia,H,50,-0.076,44.0,8.0,48.0,"magnificent again! Proud of the lads, genuinely magnificent","That was embarrassing, completely woeful. I'm gutted"
Scotland,C,50,-0.087,38.0,12.0,50.0,"Absolutely magnificent from the boys today, so stunning","That was embarrassing, completely embarrassing. I'm gutted"
Türkiye,D,50,-0.107,42.0,4.0,54.0,"Absolutely magnificent from the boys today, so stunning","That was shambles, completely woeful. I'm gutted"
Senegal,I,50,-0.109,44.0,4.0,52.0,"We look stunning and magnificent, real dream run coming","That was embarrassing, completely awful. I'm gutted"
Egypt,G,50,-0.111,40.0,6.0,54.0,"Absolutely dominant from the boys today, so dominant","That was embarrassing, completely awful. I'm gutted"
Czechia,A,50,-0.145,36.0,8.0,56.0,"brilliant again! Proud of the lads, genuinely stunning","That was embarrassing, completely shambles. I'm gutted"
Panama,L,50,-0.174,34.0,6.0,60.0,"Absolutely stunning from the boys today, so composed","That was shambles, completely woeful. I'm gutted"
DR Congo,K,50,-0.184,38.0,4.0,58.0,"Absolutely magnificent from the boys today, so magnificent","That was embarrassing, completely awful. I'm gutted"
New Zealand,G,50,-0.187,36.0,10.0,54.0,"Absolutely magnificent from the boys today, so stunning","That was fragile, completely woeful. I'm gutted"
Curaçao,E,50,-0.214,32.0,6.0,62.0,"stunning again! Proud of the lads, genuinely stunning","That was poor, completely embarrassing. I'm gutted"
Uzbekistan,K,50,-0.221,32.0,0.0,68.0,"brilliant again! Proud of the lads, genuinely brilliant","That was embarrassing, completely embarrassing. I'm gutted"
Cape Verde,H,50,-0.322,28.0,4.0,68.0,"Absolutely magnificent from the boys today, so magnificent","That was embarrassing, completely shambles. I'm gutted"
Haiti,C,50,-0.337,26.0,4.0,70.0,"Absolutely magnificent from the boys today, so brilliant","That was embarrassing, completely woeful. I'm gutted"
Ghana,L,50,-0.337,36.0,4.0,60.0,"magnificent again! Proud of the lads, genuinely composed","That was awful, completely embarrassing. I'm gutted"
Qatar,B,50,-0.356,20.0,6.0,74.0,"We look brilliant and stunning, real dream run coming","That was woeful, completely embarrassing. I'm gutted"
Tunisia,F,50,-0.371,30.0,0.0,70.0,"We look brilliant and magnificent, real dream run coming","That was shambles, completely woeful. I'm gutted"
Iraq,I,50,-0.413,20.0,4.0,76.0,"clinical again! Proud of the lads, genuinely magnificent","That was woeful, completely shambles. I'm gutted"
Jordan,J,50,-0.435,22.0,8.0,70.0,"Absolutely magnificent from the boys today, so brilliant","That was embarrassing, completely embarrassing. I'm gutted"
