elo_rank,team,grp,confederation,elo,form_pts,l10,gf10,ga10,gd10,avg_gf,avg_ga
1,Spain,H,UEFA,2360.0,3.0,10-0-0,22,6,16,2.2,0.6
2,Argentina,J,CONMEBOL,2248.0,2.7,9-0-1,32,8,24,3.2,0.8
3,England,L,UEFA,2222.0,2.4,8-0-2,30,13,17,3.0,1.3
4,France,I,UEFA,2185.0,2.2,7-1-2,21,11,10,2.1,1.1
5,Portugal,K,UEFA,2138.0,2.3,7-2-1,19,8,11,1.9,0.8
6,Brazil,C,CONMEBOL,2082.0,2.3,7-2-1,27,10,17,2.7,1.0
7,Colombia,K,CONMEBOL,2070.0,2.1,6-3-1,13,4,9,1.3,0.4
8,Switzerland,B,UEFA,2053.0,2.3,7-2-1,21,7,14,2.1,0.7
9,Netherlands,F,UEFA,2052.0,1.9,5-4-1,20,12,8,2.0,1.2
10,Morocco,C,CAF,2032.0,1.9,5-4-1,16,8,8,1.6,0.8
11,Belgium,G,UEFA,2026.0,1.7,5-2-3,20,12,8,2.0,1.2
12,Japan,F,AFC,1980.0,2.1,6-3-1,15,7,8,1.5,0.7
13,Mexico,A,CONCACAF,1979.0,1.7,5-2-3,17,11,6,1.7,1.1
14,Germany,E,UEFA,1975.0,1.8,5-3-2,20,8,12,2.0,0.8
15,Norway,I,UEFA,1966.0,1.5,5-0-5,19,19,0,1.9,1.9
16,Uruguay,H,CONMEBOL,1938.0,1.4,3-5-2,17,13,4,1.7,1.3
17,Ecuador,E,CONMEBOL,1934.0,1.3,3-4-3,9,10,-1,0.9,1.0
18,Croatia,L,UEFA,1922.0,1.2,4-0-6,12,24,-12,1.2,2.4
19,Paraguay,D,CONMEBOL,1918.0,1.7,5-2-3,12,8,4,1.2,0.8
20,United States,D,CONCACAF,1915.0,2.1,7-0-3,24,13,11,2.4,1.3
21,Austria,J,UEFA,1912.0,1.8,5-3-2,17,14,3,1.7,1.4
22,Australia,D,AFC,1898.0,1.3,3-4-3,13,11,2,1.3,1.1
23,Senegal,I,CAF,1866.0,1.4,4-2-4,18,14,4,1.8,1.4
24,Canada,B,CONCACAF,1862.0,1.7,5-2-3,15,8,7,1.5,0.8
25,Iran,G,AFC,1858.0,1.3,3-4-3,15,11,4,1.5,1.1
26,Sweden,F,UEFA,1855.0,1.5,4-3-3,17,18,-1,1.7,1.8
27,South Korea,A,AFC,1850.0,1.6,5-1-4,14,8,6,1.4,0.8
28,Algeria,J,CAF,1845.0,1.8,5-3-2,17,13,4,1.7,1.3
29,Ivory Coast,E,CAF,1843.0,2.1,7-0-3,16,6,10,1.6,0.6
30,Egypt,G,CAF,1828.0,1.3,3-4-3,15,10,5,1.5,1.0
31,Türkiye,D,UEFA,1822.0,1.2,4-0-6,12,17,-5,1.2,1.7
32,Scotland,C,UEFA,1792.0,1.3,4-1-5,12,11,1,1.2,1.1
33,DR Congo,K,CAF,1788.0,1.2,3-3-4,11,11,0,1.1,1.1
34,Panama,L,CONCACAF,1768.0,1.0,2-4-4,12,17,-5,1.2,1.7
35,Bosnia & Herzegovina,B,UEFA,1761.0,1.4,3-5-2,12,12,0,1.2,1.2
36,Uzbekistan,K,AFC,1753.0,1.0,3-1-6,13,20,-7,1.3,2.0
37,Saudi Arabia,H,AFC,1751.0,1.9,5-4-1,12,5,7,1.2,0.5
38,Czechia,A,UEFA,1732.0,0.8,2-2-6,13,20,-7,1.3,2.0
39,South Africa,A,CAF,1729.0,1.7,5-2-3,12,7,5,1.2,0.7
40,Jordan,J,AFC,1713.0,0.4,0-4-6,11,22,-11,1.1,2.2
41,Haiti,C,CONCACAF,1712.0,1.3,4-1-5,17,16,1,1.7,1.6
42,New Zealand,G,OFC,1687.0,0.9,2-3-5,15,21,-6,1.5,2.1
43,Iraq,I,AFC,1663.0,1.1,3-2-5,9,21,-12,0.9,2.1
44,Curaçao,E,CONCACAF,1663.0,1.4,4-2-4,19,23,-4,1.9,2.3
45,Cape Verde,H,CAF,1638.0,0.7,1-4-5,12,18,-6,1.2,1.8
46,Tunisia,F,CAF,1633.0,0.7,1-4-5,7,22,-15,0.7,2.2
47,Ghana,L,CAF,1622.0,0.5,1-2-7,7,19,-12,0.7,1.9
48,Qatar,B,AFC,1594.0,1.0,2-4-4,6,15,-9,0.6,1.5
